id,abs,news,weibo
1,众包知识建构适应知识经济时代对创新型人才的培养需求，有效利用集体智慧推进集体知识，帮助学生成为积极建构者。学业情绪与学生的参与度、注意力、自我调节、学习动机等密切相关，是影响学习成就不可忽视的非智力因素。探究众包知识建构中学业情绪的影响因素，挖掘学业情绪产生路径的唤醒机制，有助于优化学生参与众包知识建构社区的知识创造，促进深度学习。基于控制价值理论，利用AMOS构建了众包知识建构中影响学业情绪的结构方程模型。数据分析表明，认知质量、任务价值、自主支持显著影响感知评估，进而影响学业情绪，其中认知质量对感知控制评估无显著作用，自主支持与感知价值评估的关系不显著。最后，从认知质量、任务价值、科学管理、内部感知评估、情绪特征等方面对众包知识建构环境下情绪唤醒建设机制进行科学学思考，为有效调节积极情绪，降低消极情绪，促进非认知因素在课堂深度学习中发挥重要作用提供策略支持。 ,摘要：[目的] 本文以众测报告为研究对象，探索众测报告作者属性、产品属性、文本、图片对预测众测报告有用性的作用。[方法] 本文使用深度学习提取众测报告的文本特征和图片特征，使用全连接神经网络构建众测报告有用性预测模型，使用80%随机样本对不同输入组合下的模型进行训练学习，再用剩余样本作为测试集评估模型的预测效果。[结果] 单独加入文本特征后，模型的预测效果提升5.430%；单独加入图片特征后，模型的预测效果提升6.659%；同时加入文本特征和图片特征后，模型的预测效果提升8.895%；[局限] 深度学习提取的文本特征和图片特征可理解性和可解释性较差，因此，即使最终模型的预测效果比较准确，仍难以得知模型中每一层神经网络所代表的具体特征并总结归纳出模型做出最终的决策结果所依赖的预测规则。[结论] 众测报告中文字描述的特征和图片的特征都能有效预测众测报告对消费者的有用性，且这两者对于预测众测报告对消费者的有用性上具有相互验证和相互替代的作用。 ,1月24日，台州网警工作发现有网民在微信群称：“大溪从武汉回来一千多人，被公安局全抓走，需隔离15天，政府包了10个宾馆。”台州网警迅速与属地核实。经核实，大溪镇并无此事，该网民言论...全文
2,在STEM教学中，如何提高学生的动机水平，促使学生主动学习，进而提升存留率是迫切需要研究的课题。众包知识建构环境能满足学习者的团队归属感、提高STEM学习动机与效果。基于此，在STEM教育概念模型基础上，结合自我决定理论、诱因理论与激励理论，从诱因、自主、关联、激励、能力、归因六个因素维度构建STEM学习动机影响机制，并开展相关实证研究。结果发现，在动机水平上，实验组学生的关联、能力和激励三个维度的水平都显著优于对照组，诱因、自主、归因三个维度与对照组差距并不明显；在学习成果方面，实验组学生的解决方案和作品成绩均高于对照组。最后，从基于计算机支架、多模态数据驱动、动态知识图谱和教学代理四个方面提出众包知识建构下STEM学习动机强化路径，以有效提高学生STEM学习动机水平和学习效果，为提升STEM学习存留率提供决策依据。 ,“十三五”时期是全面建成小康社会、实现第一个百年奋斗目标的决胜阶段。面对经济全球化遭遇逆流、新冠肺炎疫情全球蔓延等重大风险挑战，在习近平新时代中国特色社会主义思想科学指引下，商务部门开拓进取、迎难而上，不断提高对外开放水平，推动开放型经济新体制逐步健全、全面开放新格局加快形成，为国民经济和社会发展作出重要贡献。开放型经济发展成就辉煌“十三五”时期，在以习近平同志为核心的党中央坚强领导下，我国扎实推进经贸强国建设，以技术、标准、品牌、质量、服务为核心的对外经济新优势加快形成，中国商品、中国投资、中国服务的全球影响力持续提升。贸易大国地位更加巩固。我国对外贸易加快优化升级，实现稳中提质。货物贸易进出口额从2015年的3.95万亿美元增加至2019年的4.58万亿美元，连续3年保持全球货物贸易第一大国地位，连续11年保持第一出口大国地位。服务贸易进出口额从2015年的6542亿美元增加至2019年的7850亿美元，稳居世界第二。贸易结构持续优化，2019年机电产品出口占比提升至58.4%，高新技术产品出口保持较高增速；国际市场布局更加优化，对新兴市场出口占比增加至49.2%；国内区域布局更加均衡，中西部地区出口占比增加至18.3%；民营企业出口占比2019年首次超过50%，增加至51.9%；一般贸易出口占比增加至57.8%。贸易新业态成为新增长点，2019年跨境电商零售进出口额比2015年增长4倍、市场采购贸易出口额增长2.2倍。外贸对国民经济贡献愈加突出，带动就业约1.8亿人，2019年货物和服务净出口对经济增长贡献率达到11%，有力保障了国际收支平衡。利用外资大国地位提升。我国利用外资水平不断提高，保持稳中向好的发展势头。在全球跨境投资持续低迷背景下，我国利用外资逆势增长，2017年成为全球第二大外资流入国，2016—2019年吸收外资合计达5496亿美元。利用外资质量进一步提高，2016—2019年，高技术产业利用外资年均增长23.9%，2019年占比达27.7%，比2015年提高15.5个百分点。全国规模以上工业企业中，外资企业研发投入占比约为1/5。对外资企业吸引力不断增强，我国营商环境国际排名不断提升，尤其是取得抗击新冠肺炎疫情重大战略成果，在疫情防控和经济恢复上都走在世界前列，对国际要素资源形成巨大“引力场”。外资对国民经济拉动作用明显，创造了2/5的对外贸易、1/6的税收收入，带动了近1/10的城镇就业。对外投资大国地位稳定。我国对外投资有序发展，在全球配置资源的能力不断增强。2016—2019年，我国对外直接投资规模合计达6344亿美元，稳居世界前列。截至2019年末，共在188个国家和地区设立了4.4万家企业。投资结构更加均衡，主要投向租赁和商务服务业、制造业、批发和零售业等领域，2019年制造业投资占比14.8%，全球产业布局进一步优化。国际竞争力显著提升，2020年，有117家内地企业入选《财富》杂志世界500强、74家企业上榜“全球最大250家国际承包商”，企业数量和市场份额均居世界前列。经济社会效益充分显现，2016—2019年，我国企业通过对外投资合作，累计带动出口5000多亿美元。截至2019年末，“走出去”企业外籍员工超过220万人，部分项目填补了当地产业空白，促进了当地发展。开放型经济发展举措有力“十三五”时期，我们推动实施了一系列对外开放新举措，特别是积极应对疫情影响，全力稳住外贸外资基本盘，推动开放型经济发展迈上新台阶。深化“一带一路”经贸合作。习近平总书记强调：“秉持共商共建共享原则，坚持开放、绿色、廉洁理念，努力实现高标准、惠民生、可持续目标，推动共建‘一带一路’高质量发展”。我们不断深化务实合作，推动共建“一带一路”走深走实、行稳致远。2016—2019年，我国对“一带一路”沿线国家货物进出口总额4.6万亿美元、占外贸比重提升至29.4%，直接投资721亿美元、占比提升至13.7%。做优做精重大项目，一批综合效益好、带动作用强的项目落地生根，促进了互联互通和当地经济发展，境外经贸合作区建设水平不断提高，产业聚集效应和辐射作用明显增强。完善经贸合作机制平台，认真落实“一带一路”国际合作高峰论坛经贸成果和中非合作论坛“八大行动”，设立中国—上合组织等经贸合作示范区，累计建立90多个贸易投资等双边工作组，与14个国家签署第三方市场合作文件。讲好“一带一路”故事，出版《共同梦想》“一带一路”故事丛书，线上访问量超过2000万人次，成为宣介人类命运共同体理念和“一带一路”建设成就的特色名片。推进贸易高质量发展。习近平总书记强调：“巩固外贸传统优势，培育竞争新优势，拓展外贸发展空间”。我们加快外贸转动力调结构，着力提升贸易质量。深入推进国际市场布局、国内区域布局、商品结构、经营主体、贸易方式“五个优化”，加快外贸转型升级基地、贸易促进平台、国际营销体系“三项建设”。强化贸易领域科技创新、制度创新、模式和业态创新，跨境电商综合试验区增加到105个，市场采购贸易试点增加到31个，服务贸易创新发展试点不断深化。不断扩大与人民生活密切相关的优质产品进口，增加有助于转型升级的技术装备进口，鼓励生产性服务进口，有效促进了国内产业和消费升级。在鼓励企业拓展国际市场的同时，充分发挥超大规模市场优势，支持适销对路的出口产品开拓国内市场，使国内市场和国际市场更好联通。促进双向投资协调发展。习近平总书记强调：“坚持引进来和走出去并重”“形成面向全球的贸易、投融资、生产、服务网络”。我们坚持高质量引进来、高水平走出去，不断提升双向投资水平。深化管理体制改革，取消外资逐案审批制，全面实施准入前国民待遇加负面清单管理制度，健全促进对外投资政策和服务体系，完善联络服务平台和境外中资企业商会联席会议机制。扩大外资市场准入，全国和自贸试验区外资准入负面清单分别压减至33条和30条，制造业基本放开，金融等服务业加快开放。持续优化营商环境，认真落实《中华人民共和国外商投资法》及配套法规，让外商在中国放心、安心、有发展。创新对外投资方式，鼓励有实力、信誉好的企业走出去，树立中国投资形象。加快建设对外开放新平台。习近平总书记强调：“鼓励自由贸易试验区大胆试、大胆闯，加快推进海南自由贸易港建设，打造开放新高地”；中国国际进口博览会要“办出水平、办出成效、越办越好”。我们不断开拓创新，全力打造对外开放新平台。目前已在东西南北中设立21个自贸试验区，赋予自贸试验区更大改革自主权，向全国复制推广260项制度创新成果，发挥了改革开放试验田作用。落实海南自由贸易港建设总体方案，以贸易投资自由化便利化为重点，加快建设中国特色自由贸易港。推进国家级经开区开放创新、科技创新、制度创新，提升对外合作水平，提高经济发展质量。充分发挥中国国际进口博览会国际采购、投资促进、人文交流、开放合作平台作用，办成国际一流博览会，树立了新时代对外开放里程碑。创新广交会、服贸会办展模式，国际影响力持续增强。积极参与全球经济治理。习近平总书记强调：“积极参与全球治理体系改革和建设”。我们不断深化多双边经贸合作，推动完善国际经济治理体系。坚定支持多边贸易体制，积极参与世界贸易组织改革，提出中国改革建议。加快建设面向全球的自贸区网络，累计与25个国家和地区签署17个自贸协定，推动区域全面经济伙伴关系协定整体结束谈判，推进中日韩自贸区、中欧投资协定谈判。推动全球治理平台发挥作用，加强与联合国交流合作，在二十国集团、亚太经合组织、金砖国家、上合组织等平台积极发声，拓展澜沧江—湄公河等次区域合作，提出一批中国倡议、中国方案。在全球疫情防控中，向150个国家和4个国际组织提供283批抗疫援助，向200多个国家和地区提供和出口防疫物资，维护全球产业链供应链安全畅通运转，彰显大国担当。开放型经济发展启示深刻“十三五”时期，我国开放理论持续创新，开放制度更加完善，开放实践不断深化，在推动开放型经济发展中积累了重要经验。坚持党的全面领导。以习近平同志为核心的党中央统筹中华民族伟大复兴战略全局和世界百年未有之大变局，把方向、谋大局、定政策、促改革，作出了推进更高水平对外开放、高质量共建“一带一路”、稳住外贸外资基本盘等一系列重大部署，为推进对外开放提供了坚强政治保证。坚持以人民为中心。我们坚持把满足人民对美好生活的向往作为对外开放的出发点和落脚点，坚持在开放发展中保障和改善民生，着力解决人民群众所需所急所盼。通过推动更高水平对外开放，更好满足消费升级需求、创造更多就业机会、助力脱贫攻坚、促进区域协调发展，给人民群众带来更多获得感和幸福感。坚持开放发展理念。开放发展是新发展理念的重要组成部分，以开放促改革、促发展，是我国发展不断取得新成就的重要法宝。我们坚定不移实施更加积极主动的开放战略，以扩大开放促进深化改革，以深化改革促进扩大开放，为经济社会发展注入新动力、增添新活力、拓展新空间。坚持互利共赢。中国的发展离不开世界，世界的繁荣也需要中国。我们坚持打开国门搞建设，积极参与和推动经济全球化，实现了自身发展，为各国提供了更多市场机遇、投资机遇、增长机遇，加强了南南合作，为国际减贫事业作出了贡献，以实际行动推动合作共赢、共同发展，赢得了广泛国际支持。坚持统筹发展和安全。越开放越要重视安全，越要统筹好发展和安全的关系。我们坚持总体国家安全观，坚持独立自主与扩大开放有机结合，不断健全开放安全保障体系，着力增强风险防控能力和开放监管能力，为发展开放型经济构筑安全防线。“十四五”时期是我国在全面建成小康社会基础上开启全面建设社会主义现代化国家新征程的第一个五年。必须坚持以习近平新时代中国特色社会主义思想为指导，增强“四个意识”、坚定“四个自信”、做到“两个维护”，坚持新发展理念，坚持高质量发展，坚持以人民为中心，全面提高开放水平，推动形成以国内大循环为主体、国内国际双循环相互促进的新发展格局，为全面建设社会主义现代化国家开好局、起好步多作贡献。,#微博辟谣# 网传视频“一位老人带着孙子去超市赊米”引关注。经核查，该视频系站外摆拍内容，且有一系列同场景的摆拍作品。 现根据《微博社区公约》对发布此类不实信息的@容易象数理 （最早传播）@老简宁 （传播量最高）进行禁言30天、15天的处罚。
3,基于深度学习提出一种新的流体智力预测模型，并在特征可解释性上进行了初步探索。新方法的核心思想是先通过空间自编码机（autoencoder，AE）分别对局部功能连接指标（local functional connectivity density，lFCD，局部功能连接密度和Four-dimensional （spatio-temporal） Consistency of local neural Activities，FOCA，神经活动的四维时空一致性）进行特征自动学习获得时空间特征，然后结合深层神经网络与集成学习对个体流体智力评分进行预测。最后，利用皮尔逊相关系数与平均绝对误差考察该模型的个体流体智力评分预测表现。结果表明，本研究提出的方法在使用个体局部功能连接预测流体智力中，预测值与真实值之间的平均绝对误差为：4.1±3.2，皮尔逊相关系数达0.55(P=1.9×10-18)。相比于CPM模型（Connectome Predictive Model，连接组学预测模型）、以及降维-预测组合方法，本文提出的新方法表现最好。此外，在预测模型中，高选择性的空间模式脑区主要包括顶叶、枕叶区域以及基底节网络及其周边的深部核团区域。本研究对局部功能连接预测流体智力的模型进行了改进，较之CPM模型（Connectome Predictive Model，连接组学预测模型）预测误差明显降低。与此同时，特征的可视化有效地反映了与流体智力相关的大脑功能活动空间模式，表明本文提出的方法能够帮助我们理解年龄相关的大脑功能变化模式，具有较好的应用前景。,人民网北京9月29日电 （记者刘佳）9月28日，文化和旅游部召开部系统安全生产工作会议，部党组成员、副部长张旭出席会议并讲话，安排部署2020年国庆节、中秋节假期部系统安全生产、疫情防控等工作。 张旭强调，要高度重视假日文化和旅游市场安全工作，狠抓落实安全生产管理责任制，强化疫情防控措施，确保万无一失。2020年国庆节、中秋节双节叠加，广大民众消费意愿增强，行业信心持续提振。在疫情防控常态化背景下，文化和旅游市场发展态势向好、恢复步伐加快，进入全面复工复产复业新阶段。为了做好国庆节、中秋节假期文化和旅游市场安全工作，文化和旅游部科学研判，周密部署，统筹推进疫情防控、旅游安全、市场管理工作，让广大游客出行更安心、消费更放心、旅游更舒心。 近日，文化和旅游部召开2020年国庆节、中秋节全国文化和旅游假日市场工作电视电话会议，印发《关于做好国庆节、中秋节文化和旅游假日市场工作的通知》等文件，对统筹做好假日文化和旅游市场疫情防控、安全生产等工作进行部署，要求各地区和景区制定严密的疫情防控预案和假日工作方案，组织若干个工作组赴各地进行督导检查。假日期间，文化和旅游部还将持续开展“体检式”评估工作，暗访抽查落实情况，发现问题及时督促整改；并通过综合监测与应急指挥平台对全国重点旅游景区进行实时巡查，动态调适防控措施，不断压实工作责任。同时，文化和旅游部还通过新闻发布会、政务新媒体等平台，强调旅游景区和文化设施开放规定要求，引导广大民众安全、文明出游。 文化和旅游部还将多措并举，加强监管，重点开展4方面工作。一是提升景区开放管理水平。坚持按照“限量、预约、错峰”的要求，持续推进旅游景区门票预约制度。目前，全国264家5A级旅游景区已实现分时预约，占5A级旅游景区总数的94%。二是落实落细常态化防控措施。更新发布景区、剧院等场所及旅行社疫情防控措施指南，科学动态调整防控策略和措施，指导各地严守A级景区接待游客量不超过最大承载量75%、剧院等演出场所观众人数不超过座位数75%的限量措施。三是抓好重点领域安全工作。强化疫情防控、涉水项目、旅游节庆、旅游包车、火灾防控、食品安全等管理，调整完善安全应急预案，做好应急处置工作。四是着力维护市场秩序。督促各地加大执法检查力度，加强市场综合监管，发挥信用监管效能，大力推进智慧监管。对上网服务场所、演出、旅游等市场进行动态监测，对发现的问题及时处置，确保人民群众度过一个安全、有序、文明、祥和的国庆、中秋假期。,#微反馈#针对网传“公交司机不允许佩戴口罩”事件，此报道不属实，纯属谣言。根据北京市做好新型冠状病毒疫情部署，北京公交集团高度重视积极应对，制定了相应的防控措施。目前，在重点防控期间，对在岗职工要求均需佩戴口罩，并保持良好的生活习惯和个人卫生，同时，做好每日车辆消毒、通风工作，为乘...全文
4,"为了实现高精度的风速预测,提出一种基于深度学习的模糊粗糙集(FRS)-神经网络(CLSTM)风速预测模型,该模型由FRS和CLSTM深度学习模型2部分组成。首先由FRS对自然特性时间序列参数进行属性约简,对庞大的数据集进行数据降维;然后结合风电机组风速软测量理论,优化确定CLSTM深度学习模型的输入参数;最后CLSTM深度学习利用卷积神经网络提取短期的多维度时间变量的依赖关系,利用循环神经网络捕获输入时间序列时间跨度上的长期特性,进而得到最终的预测风速。以某风电场实测数据为例进行仿真测试,结果表明所提出的FRS-CLSTM风速预测方法可有效提高风速的预测精度。 ",人民网北京9月29日电 据教育部网站消息，教育部发布《关于加强博士生导师岗位管理的若干意见》。意见指出，要健全博士生导师岗位选聘制度。培养单位要从政治素质、师德师风、学术水平、育人能力、指导经验和培养条件等方面制定全面的博士生导师选聘标准，避免简单化地唯论文、唯科研经费确定选聘条件。 意见指出，要严格岗位政治要求。坚持以习近平新时代中国特色社会主义思想为指导，拥护中国共产党的领导，贯彻党的教育方针；具有高度的政治责任感，依法履行导师职责，将专业教育与思想政治教育有机融合，做社会主义核心价值观的坚定信仰者、积极传播者、模范实践者。 意见强调，要明确导师岗位权责。博士生导师是因博士生培养需要而设立的岗位，不是职称体系中的一个固定层次或荣誉称号。博士生导师的首要任务是人才培养，承担着对博士生进行思想政治教育、学术规范训练、创新能力培养等职责，要严格遵守研究生导师指导行为准则。培养单位要切实保障和规范博士生导师的招生权、指导权、评价权和管理权，坚定支持导师按照规章制度严格博士生学业管理，增强博士生导师的责任感、使命感、荣誉感，营造尊师重教良好氛围。 意见要求，要健全岗位选聘制度。培养单位要从政治素质、师德师风、学术水平、育人能力、指导经验和培养条件等方面制定全面的博士生导师选聘标准，避免简单化地唯论文、唯科研经费确定选聘条件；要制定完善的博士生导师选聘办法，坚持公正公开，切实履行选聘程序，建立招生资格定期审核和动态调整制度，确保博士生导师选聘质量；选聘副高级及以下职称教师为博士生导师的，应从严控制。博士生导师在独立指导博士生之前，一般应有指导硕士生或协助指导博士生的经历。对于外籍导师、兼职导师和校外导师，培养单位要提出专门的选聘要求。 意见明确，要加强导师岗位培训。建立国家典型示范、省级重点保障、培养单位全覆盖的三级培训体系。构建新聘导师岗前培训、在岗导师定期培训、日常学习交流相结合的培训制度，加强对培训过程和培训效果的考核。新聘博士生导师必须接受岗前培训，在岗博士生导师每年至少参加一次培训。要将政治理论、国情教育、法治教育、导师职责、师德师风、研究生教育政策、教学管理制度、指导方法、科研诚信、学术伦理、学术规范、心理学知识等作为培训内容，通过专家报告、经验分享、学习研讨等多种形式，切实保障培训效果。 意见提出，要健全考核评价体系。培养单位要制定科学的博士生导师考核评价标准，完善考核评价办法，将政治表现、师德师风、学术水平、指导精力投入、育人实效等纳入考核评价体系，对博士生导师履职情况进行综合评价。以年度考核为依托，加强教学过程评价，实行导师自评与同行评价、学生评价、管理人员评价相结合，建立科学合理的评价机制。 此外，意见还从建立激励示范机制、健全导师变更制度、完善岗位退出程序、规范岗位设置管理、完善监督管理机制等方面提出了不同要求。,魔女小稀 我关注到你了，我也和有关部门了解了情况。我知道你想求关注，因为现在确实存在门诊积压的情况，定点医院也还在腾床位，所以门诊确实人很多。但您在视频里造谣说门诊三具“尸体”在病人堆儿里没人管就过分了。那实际上是因为门诊人太多，床位不够，所以有的人疲劳了就躺在地上休息。至于死亡...全文
5,针对当前高光谱图像处理方法无法对高光谱图像进行有效分类，为了提高光谱图像分类正确率，提出了深度学习理论的高光谱图像分类方法。首先分析了高光谱图像分类的研究进展，找到引起高光谱图像分类正确率的原因，然后进行高光谱图像分类特征提取和选择，建立高光谱图像分类特征向量集，最后引入深度学习理论对高光谱图像分类特征进行学习，建立高光谱图像分类器，并采用当前常用的高光谱图像数据集进行了仿真实验，结果表明，本文方法的高光谱图像分类精度超过90%，明显减少了高光谱图像分类误差，高光谱图像分类结果十分稳定，获得了比当前高光谱图像分类方法更好的结果。 ,国家发改委、国家能源局近日印发《关于全面提升“获得电力”服务水平 持续优化用电营商环境的意见》（以下简称《意见》），提出2022年底前，在全国范围内实现居民用户和低压小微企业用电报装“零上门、零审批、零投资”服务、高压用户用电报装“省力、省时、省钱”服务。在28日的国务院政策例行吹风会上，国家能源局有关负责人对《意见》有关情况进行解读。 近年我国电力供应能力和服务水平大幅提升。国家能源局副局长刘宝华介绍，世界银行数据显示，我国“获得电力”指标排名由2017年的第九十八位提升到2019年的第十二位，连续两年保持全球领先水平。截至去年底，各直辖市、省会城市已实现低压小微企业“三零”服务，并将办电时间压减至30个工作日以内。 此次印发的《意见》将给居民和企业带来哪些利好？ ——更省时。国家能源局市场监管司司长戴俊良说，通过大幅压缩政府审批时间以及供电企业业务办理时间，全国范围内小微企业办电过程，将从原来的2至3个月压减到15个工作日以内，“让老百姓和小微企业早用电、早受益”。 ——更省心。《意见》提出，2020年底前，将居民用户、实行“三零”服务的低压非居民用户用电报装压减至2个环节。在全国范围实现用电报装业务线上办理。 ——更省钱。从北京、上海两个城市的数据来看，小微企业户均办电成本由2017年平均20万元降到现在的0元。通过“三零”“三省”等服务推动用电营商环境持续优化，据初步测算，三年内累计可为小微企业节省投资约1300亿元。 ——更可靠。“到2022年底前，直辖市、计划单列市、省会城市的中心区，用户年均停电时间要压减至1小时以内，农村地区的停电时间要压减至11个小时以内。”戴俊良说。 全面提升“获得电力”服务水平，刘宝华认为要从三方面重点推进：首先是合力推进。《意见》提出，政府和企业协同联动、相互配合、信息共享，共同推动各项目标任务的落地落实。其次要分类施策。围绕用电报装时间、环节、成本、供电可靠性等，针对不同用户类型分类施策，因地制宜、科学合理制定目标任务和提升举措。三要强化监管。“行业有两个热线电话，一个是国家能源局的12398能源监管热线，全国都可以通过热线投诉、举报。另一个是电网企业的95598供电服务热线，可以报修、报事故等。”,“学校开学时间：高三、初三3月2日开学；高一、高二、初一、初二3月9日开学；小学4~6年级3月16日开学……”2月19日上午，一条有关“开学时间”的信息在呼和浩特市市民的微信朋友圈热传。经记...全文
6,"针对当前高光谱图像处理方法无法对高光谱图像进行有效分类,为了提高光谱图像分类正确率,提出了深度学习理论的高光谱图像分类方法。首先分析了高光谱图像分类的研究进展,找到引起高光谱图像分类正确率的原因,然后进行高光谱图像分类特征提取和选择,建立高光谱图像分类特征向量集,最后引入深度学习理论对高光谱图像分类特征进行学习,建立高光谱图像分类器,并采用当前常用的高光谱图像数据集进行了仿真实验,结果表明,本文方法的高光谱图像分类精度超过90%,明显减少了高光谱图像分类误差,高光谱图像分类结果十分稳定,获得了比当前高光谱图像分类方法更好的结果。 ",人民网北京9月29日电 （朱紫阳）公安部9月29日在京召开新闻发布会，通报近期深化推进公安机关“长江禁渔”行动，依法严厉打击长江流域非法捕捞犯罪有关情况。 发布会介绍，今年6月下旬，公安部迅即组织沿江各地和长航公安机关开展为期三年的“长江禁渔”行动，国务委员、公安部部长赵克志亲自担任行动领导小组组长，多次作出批示指示，主持会议专题研究，制定下发行动方案。9月24日，在部党委会上再次专题研究部署。 公安部治安管理局局长李京生通报，6月29日公安部会同农业农村部召开视频会议，就联合开展打击长江流域非法捕捞专项整治行动进行动员部署，并聚焦打击犯罪工作，专门下发工作方案，组织沿江各地和长江航运公安机关，开展为期三年的打击长江流域非法捕捞犯罪“长江禁渔”行动。截至目前，已侦破非法捕捞刑事案件3292起，抓获犯罪嫌疑人4838名，查扣涉案船只1500余艘、非法捕捞器具2.3万余套，查获渔获物7.7万余公斤。 深入摸排实情，深度有效打击。在研判分析非法捕捞犯罪规律特点的基础上，严格落实“四个一律”“五知七查”措施。公安部挂牌督办的第一批100起重点案件已全部告破，并深挖关联侦破相关案件11起，抓获犯罪嫌疑人295人。近日，又挂牌督办第二批55起重点案件，督促各地强化警种协同作战，切实深挖彻查，将打击效果“由江到岸”“由捕到销”延伸，全力摧毁犯罪团伙和组织网络，坚决斩断“捕运销”犯罪链条。 开展走访宣传，营造良好氛围。会同农业农村部联合开展为期100天的涉渔联合走访活动，对退捕渔民家庭、生活困难渔民家庭、特殊人群家庭、涉渔重点区域做到“四个必访”，确保不漏一户、不落一处。通过走访，进一步宣传法律政策，了解掌握安置情况，提高社会公众知晓度和参与度。目前，共走访退捕渔民15.4万余人、涉渔场所2.1万余处，收集涉渔违法犯罪线索2300余条。 深化执法合作，建立联动机制。组织沿江公安机关会同渔政、海事等行政执法部门，开展非法捕捞高发水域联合巡查行动，通过上下游、左右岸、干支流的水上执法力量同步开展巡查，推动建立健全联合执法、联合办案、异地协查等工作机制，提升执法覆盖能力，有效遏制非法捕捞多发高发态势。同时，围绕非法捕捞行刑衔接问题，与最高法、最高检、农业农村部等部门多次研商，研究起草相关司法意见，为依法严厉打击提供精准法律武器。 强化督促检查，压实主体责任。在组织警力对沿江水域非法捕捞问题开展两轮暗访检查的基础上，会同有关部门组成7个联合工作组，对长江流域14个省市开展了为期10天的首轮联合督导检查，采取明察暗访相结合的方式，共检查33个市（州）45个县（区），实地检查20个水生生物保护区、33个案件高发重点水域，走访暗访退捕渔民、渔具商店、餐饮场所、水产交易场所199家（户）。 公安部治安管理局副局长钱熊飞、张晓鹏就社会公众如何向公安机关举报非法捕捞犯罪活动线索、当前长江流域非法捕捞犯罪的主要特点以及公安机关如何实现对非法捕捞犯罪的深度有效打击等回答了记者提问。据介绍，行动开展以来，长江流域非法捕捞犯罪得到了有力震慑，但滋生非法捕捞犯罪的土壤还没有得到根本铲除，依法打击工作还面临着不小的压力和挑战。 一是一些地方多年来形成的消费习惯短期内还难以根本改变。长期以来吃江鲜是沿江地区的一种特色消费，一些餐饮场所受利益驱动把它作为招牌，吸引食客消费，造成非法捕捞在一些地方屡打不绝、屡禁不止。 二是利用“三无”船舶从事非法捕捞的隐患仍然较大，一些地方对涉渔“三无”船舶管理缺乏有效治理手段，存在利用“三无”船舶私自携带网具从事非法捕捞活动的隐患。 三是变相销售禁用渔具的情况仍然存在，公开售卖的情况虽有所减少，但部分店铺仍存在侥幸心理、暗中销售禁用渔具。此外，还有少数人员通过实体店铺或电商平台分别购买电瓶、逆变器等，自制简易电捕工具。 四是执法力量和装备保障相对不足。长江全长6300多公里，保护区量多分散，很多水域人迹罕至，一些沿江市县存在执法力量薄弱、船艇装备陈旧落后等问题，执法力量和执法手段难以实现对整个水域的全覆盖。做好长江禁捕工作离不开人民群众的支持和踊跃参与，希望广大群众积极提供线索，为精准打击非法捕捞犯罪提供有力支撑。目前公安部已经实体化运行了举报中心，设立了24小时举报热线010-66262044和举报邮箱changjiangjinbu@163.com，并同步在“中国警方在线”微博、微信公众号平台上开通了私信举报。同时，公安部已部署沿江公安机关在110报警平台设立了长江禁渔的举报热线，广大群众还可以通过拨打当地110报警电话进行举报。经查实，对举报有功人员将予以奖励并为举报人保密。 发布会介绍，为了进一步提升打击长江流域非法捕捞犯罪的效能和针对性，公安机关对非法捕捞案件明确提出“一案七查”的要求，即嫌疑人身份必查、渔具来源必查、船舶类别情况必查、动态特征必查、贩销渠道必查、犯罪所得必查、隐案积案必查，通过对3000多起案件进行深入分析研判，当前长江流域非法捕捞犯罪主要具有四个特点： 一是从作案人员看，职业化的团伙占一定比例，有的已形成非法捕捞、运输、销售的地下产业链。 二是从作案时间看，主要以夜间为主，职业化的犯罪团伙为逃避打击，大多选择夜间作案。 三是从作案水域看，涉及面广而且分散，长江干流和重要支流的水陆联通平缓地带由于鱼群相对密集，案件高发多发；水生生物保护区由于野生鱼类价格较高，非法捕捞案件也屡有发生。 四是从作案手段看，电捕网捕作案多，传统“电、毒、炸”三种禁捕方式中，电鱼仍占有较大比例，毒鱼、炸鱼已较为少见。此外，使用“地笼”、“密眼网”等禁用渔具非法捕捞案件多发高发。 针对以上犯罪特点，公安机关始终紧盯组织团伙作案、使用“电毒炸”“密眼网”等作案，以及捕猎、收购、运输、出售珍贵濒危水生野生动物等行为，更加突出“破网断链”，坚决斩断非法捕捞运输销售的地下产业链，彻底摧毁职业化的非法捕捞犯罪团伙。 一是对近年来涉及长江流域的非法捕捞警情、群众举报、行政案件、刑事案件和网上网下非法销售渔具线索进行汇总研判，做到“知警情、知水域、知人群、知动态、知网络”，实现深度打击。 二是对前期侦办的非法捕捞类刑事案件开展“回头看”，按照“一案七查”工作要求，切实查清捕捞器具来源、渔获物去向，深挖积案隐案，彻查关联犯罪，确保每起案件查细查实、打深打透。 三是加大非现场打击力度，从捕捞、运输、销售等各个环节入手，顺线深挖犯罪链条，坚决打掉捕捞团伙、运输渠道、贩卖网络，依法从严惩治幕后组织者、获利者和保护伞。 四是进一步强化条块、部门、警种协作，健全执法合作机制，注重发挥刑事司法对惩治和预防长江流域非法捕捞行为的重要作用，切实打出声势、打好机制、打牢基础，为长江十年禁捕赢得治本时间。,当前疫情防控牵动着全国人民的心保障“战疫” 我们在行动中国互联网联合辟谣平台持续粉碎谣言为公众还原真相科学防控 抗击疫情谣言一：多地驰援湖北医疗队物资行李丢失2月9日起，网络上关于支援湖北医疗队物资丢失的传言不断，“华山医院医疗队落地后‘物资蒸发’”“宁波医疗队医疗物资被当地一家医院扣留了”“纸箱全没了，有个人物品，也有物资”……涉及江苏、上海、宁波多地，引起民众广泛关注。真相：2月11日，@江苏共青团 和@江苏网警 接连辟谣，网传江苏医疗队行李丢失，最初是混装分拣带来的误会，被营销号无限放大为谣言，目前行李都已拿到。此外，经向上海、宁波医疗队核实，物资行李并没有丢失或被扣留，所有人员行李也已拿到，一件都没有少，相关传言均为谣言。谣言二：非上海户籍不再列入新增确诊病例中近日有网友发帖称：当前确诊病例并没有纳入上海新增病例中，原来是这两天统计口径改了，按照病人的户籍来算了。如果病人在上海发病，但不是上海户籍，就不会被纳入上海的新增病例统计中。真相：上海市卫健委表示，该内容并不属实，上海对新增确诊病例的统计方法一直没有改变。上海从第一天发布新增确诊病例开始，就把外地来沪人员和本市常住人口放在一起合并计算总数。谣言三：疫情一线消息，李留树博士从武汉打来电话近日，一条转自清华群的消息在网络上流传，称身处武汉抗击疫情第一线李留树（呼吸肿瘤博士）打来电话，表示疫情很快就会控制，抗病毒药瑞德西韦十分有效等，并附有李留树的年龄、相关履历信息。真相：经向相关人士求证，李留树博士目前一直在北京，并未去武汉，网上流传的消息也不是李留树博士所说。谣言四：上海陕西北路海防路菜场发现疫情“陕西北路海防路菜场发现疫情，请静安的小伙伴们注意了”“请接触过的自觉隔离14天”……2月10日，一则关于上海市静安区陕西北路海防路菜场发现新冠肺炎疫情的消息在网络上流传起来。传言还配有一张菜场被封闭的照片，照片显示，菜场外侧停了数辆警车以及一辆市场监管部门的车辆。真相：经向静安区人民政府核实，位于海防路381号的生鲜市场日常管理及消毒不严格，未按要求落实疫情期间的防控措施，为了确保社区居民的健康安全，2月9日，静安区江宁路街道新型冠状病毒感染肺炎疫情防控工作领导小组会同各相关部门，对该市场进行了关闭并消毒。江宁路街道已协调附近居民前往临近的昌化、康定和海康3个菜市场买菜。谣言五：一家人全部感染新冠肺炎后从楼上撒钱近日，一则关于“一家人全部感染，元宵节从27楼撒钱”的短视频在朋友圈流传，不少网友信以为真。2月9日，该视频被郑州的不少网友转发，称此事发生在郑州某小区。搜索发现，该视频几日前也曾以同样形式出现在湖北随州市民的朋友圈里。真相：2月10日，@随州网警巡查执法 发布消息称，所谓的“撒钱视频”实为该市季梁佳园小区业主家三岁孩子趁父母不注意在阳台把钱当纸片抛撒，并非因感染病毒而厌世所致。疫情当前，呼请各位网友理性对待网络言论，不信谣、不传谣！谣言六：花桥收费站禁止车辆进入上海近日，网上流传着一条“上海花桥收费站，禁止入内”的视频。视频显示，某地高速出口车辆拥堵较严重，并配有“进不了上海”的字样。真相：经查证，该视频拍摄于江苏无锡，并非上海。据了解，G2花桥道口有执勤人员和志愿者值守，对进入上海的人员进行体温测量，并有详细台账，并未出现“禁止入内”的情况。谣言七：闻洋葱能预防新型冠状病毒肺炎近日，一则“马来西亚华侨无意中发现的生活偏方，切开生洋葱，吸气几十下，洋葱的刺鼻辣味有杀菌作用，可预防新型冠状病毒肺炎……”的消息在网上流传开来。真相：洋葱的刺鼻性气味来源于硫化丙烯等硫化物。在体外实验中，硫化丙烯展示了一定的抗菌能力，但是新冠肺炎是病毒导致的。即便是考虑杀菌，也需要有足够的量，而且需与细菌接触，并不是闻几下洋葱就可以的。谣言八：深呼吸再憋气十秒可测是否有肺炎近日，网上流传着一个通过深呼吸憋气十秒钟进行自我健康检测的方法，憋气过程中如果没有咳嗽，则说明没有肺炎。真相：这样的方法不科学，也毫无意义，不建议大家自测，以免带来不必要的担心。比如气道痉挛、气道高敏性疾病，深呼吸后或者即使不深呼吸，也会出现阵发性或持续性咳嗽，但这并不代表存在肺炎。真正的肺炎，会有呼吸急促、喘鸣、胸部凹陷、肺部湿啰音这样的典型表现，这次新型冠状病毒肺炎，CT/X光还会显示典型的肺部变化。不信谣不传谣不造谣防控疫情我们和你在一起综合人民日报客户端、中国青年报、中国新闻网、上观新闻、上海网络辟谣、@宁波网警巡查执法、@随州网警巡查执法、腾讯较真等相关新闻：果蔬表面会附着新型冠状病毒？不戴口罩驾车被扣6分？谣言作怪莫慌张酒精消毒频繁起火？多地发通知，三人不能同行？大疫当前不能对谣言麻痹大意千名新冠肺炎疑似病例空降江苏人民医院？每个人都有责任做谣言终结者！瑞德西韦显效？喝水能预防新型冠状病毒？ 疫情当前，别被这些谣言乱了阵脚！实时辟谣第九波：抗疫时期，勿让谣言混淆视听！实时辟谣第八波：别让涉疫谣言干扰抗疫人心实时辟谣第七波：我们一起让谣言无所遁形关注|这些关于肺炎疫情的最新谣言你信了几个防疫先防谣！又一波疫情谣言来添堵！新冠病毒来势汹汹，你被这些谣言吓住了吗？小心！这些关于肺炎疫情“有鼻子有眼的真相”都是假的！聚焦|关于新型冠状病毒感染的肺炎疫情的最新辟谣！转起来！别让疫情谣言满天飞！
7,表情识别是在人脸检测基础之上的更进一步研究，是计算机视觉领域的一个重要研究方向。将研究的目标定位于基于微视频的表情自动识别，研究在大数据环境下，如何使用深度学习技术来辅助和促进表情识别技术的发展。针对表情智能识别过程中存在的一些关键性技术难题，设计了一个全自动表情识别模型。该模型结合深度自编码网络和自注意力机制，构建了一个人脸表情特征自动提取子模型，然后结合证据理论对多特征分类结果进行有效融合。实验证明，该模型能显著提升表情识别的准确率，具有重要的理论意义和研究价值。 ,据美国媒体报道，过去几周，约3500家美国公司在美国国际贸易法院起诉美国政府，要求法院裁决美政府依据美贸易法“301条款”对中国商品加征关税“非法”，并退还企业缴纳的相应税金。诉讼主要针对美政府2018年9月和2019年9月对总价值3000多亿美元中国输美商品加征的关税。提起诉讼的公司包括特斯拉、福特汽车、塔吉特百货公司等。这些公司在起诉书中要求美国政府改变单方面关税政策，指出美政府加征这两轮关税的时间，已超出美国法律要求美国贸易代表在“301调查”结束后12个月内采取行动的期限，同时未能遵循相关行政程序，包括未能给予利益攸关方足够机会发表意见、做出关税决策时未充分考虑相关因素、未明确解释其决策理由等。特斯拉总裁埃隆·马斯克表示，美国政府对特斯拉从中国进口的部分零部件征税不合法，对这些特定零部件加征关税会增加成本，影响公司盈利能力，对特斯拉造成严重经济损害，并表示政府加征关税是“武断的、反复无常的，是自由裁量权的滥用”。特斯拉曾在2018年向美国贸易代表办公室提出针对该公司产品中用到的中国零部件的征税豁免申请，理由是无法在美国寻找生产替代。2019年5月3日，该申请被驳回。据报道，美国化学协会也于近日敦促美国政府，对用于应对新冠肺炎疫情的化学品和塑料征收的关税提供某种形式的减免，称这将有助于确保获得这些关键材料。该协会国际贸易主管表示，关税降低了供应链的弹性。智库布鲁金斯学会本月的一份研究报告指出，美国企业和消费者承担了政府加征关税的绝大部分成本，伤害了依赖进口材料的行业以及出口行业的就业者，此外关税并没有帮助美国达成更好的贸易协议，也没有显著改善国家安全。美国游说组织“关税伤害美国腹地”发布的数据显示，自2018年2月至2020年4月，美国政府对中国输美产品加征的关税让美国消费者和企业额外支付了570多亿美元。9月15日，世贸组织专家组就中国诉美301关税措施世贸争端案发布专家组报告，认定美方涉案征税措施违反世贸组织所规定的相应义务。世贸组织称，美方没有提供足够证据支撑其加征关税的决定，因此裁定美方做法与世贸规则“不符”，希望美国采取符合其义务的措施。耶鲁大学杰克逊全球事务学院高级研究员斯蒂芬·罗奇对本报记者表示，世贸组织专家组的报告凸显了以规则为基础的多边贸易体系的一个关键基本前提，即任何国家的贸易单边行动都必须遵守世贸组织的相关规定。,"从1月25日中午开始，微信、微博等多个社交媒体平台上陆续传出“为了防控新型冠状病毒肺炎疫情，北京高速进京方向已封路”的消息。||1新京报记者从多个权威部门了解到，目前北京高速公路均正常开启。记者从首发集团了解到，经首发信息中心核实，没有路段采取封闭措施。此外，据北京市交管局相关知情人士介绍，目前，北京市交管部门没有采取任何高速公路封路措施。
2针对某地图导航上显示的京藏高速公路康庄进京检查站封路的消息，记者拨打康庄综合检查站的工作电话进行求证，工作人员明确表示并没有采取封路措施。同样的情况也发生在通燕高速公路白庙南进京检查站，这个位置也是网络上所传的已经封闭的路段，记者致电检查站工作人员了解到，目前，这里一直保持着正常开启状态。"
8,"哈希算法结合卷积神经网络是一种常用的有效图像检索方法,这种有监督的学习方式要求大量人工标注的标签,耗费巨额的人力成本,且这种标签具有较强的专家制定性,在图像深层次语义的挖掘上能力有限。针对这一问题,该文提出了基于弱监督(Weaklysupervised)深度卷积神经网络的哈希函数框架,该框架包括弱监督的预训练和有监督的微调两个阶段。通过利用弱监督标签信息来学习语义感知哈希函数,将标签表示为语义词向量。根据语义间的相似与否来训练网络,设计的目标函数可以使语义相似的图像间的汉明距离较小,语义不相似的汉明距离相对较远。实验结果表明,本文提出的图像检索方法与目前先进的图像检索方法相比,精度提高了2%～6%。 ",新华社日内瓦9月28日电（记者刘曲）世界卫生组织28日公布的最新数据显示，全球累计新冠确诊病例达33034598例。世卫组织网站最新数据显示，截至欧洲中部时间28日15时52分（北京时间21时52分），全球确诊病例较前一日增加302277例，达到33034598例；死亡病例增加5114例，达到996342例。,国家卫健委印发的《新型冠状病毒感染的肺炎诊疗方案（试行第四版）》中提到，新冠病毒感染肺炎的主要表现是发热、乏力、干咳，少数患者伴有鼻塞、流涕、腹泻等症状。所以，根据是否流鼻涕和咳痰就果断判定不是新冠病毒感染，是不准确的。想知道如何区分新型肺炎和感冒，去丁香医生公众号回复「区分」即可查看。
9,针对巡飞弹武器平台，如何提高态势感知的精准性和实时性以及作战任务自主决策的准确性，已成为当前的一个研究热点。结合以深度学习技术为代表的人工智能最新研究成果，提出基于深度学习的目标识别模型、任务自主决策模型和任务规划模型，并将模型应用于巡飞弹武器平台，提升巡飞弹武器平台协同作战任务的自主决策和智能规划能力。 ,地处南太平洋的岛国基里巴斯是世界上唯一跨越东西南北四个半球的国家，也是中国建交国“朋友圈”中的第180位新成员。2019年9月27日，中基在一个中国原则基础上恢复外交关系。一年来，中基关系保持强劲发展势头，各领域合作成果丰硕，给两国人民带来了实实在在的好处。今年1月，应习近平主席邀请，基里巴斯总统马茂对中国进行了复交后的首次国事访问。两国元首就发展双边关系达成重要共识，为两国未来开展合作与交流规划了美好蓝图。马茂总统等基里巴斯政要多次重申坚持一个中国原则。基里巴斯民众感谢政府作出同中国复交的正确决定，支持加强同中方合作。时任基里巴斯环境土地和农业发展部部长特阿博在出席第三届中国—太平洋岛国经济发展合作论坛时说，“很高兴基里巴斯回到了中国同太平洋岛国合作的大家庭，要好好弥补失去的16年”。这代表了基里巴斯民众的心声。在抗击新冠肺炎疫情过程中，中基两国同舟共济、守望相助。在中国抗疫的关键时刻，马茂总统代表基里巴斯政府和人民向中国政府和人民致以诚挚的慰问，表示基里巴斯坚定地与中国站在一起。基里巴斯在华留学生表示，钦佩中国政府所作努力，各项抗疫措施有序实施，在中国生活感到安全、舒适，共同为中国加油！中国政府也尽己所能为基方提供急需的防疫物资，毫无保留地分享抗疫经验。一年来，中基双方在基础设施、经贸投资、农渔业、绿色能源、抗疫、旅游、民生、地方交流等领域广泛合作，积极互动，搭建起一座座中基友谊的桥梁。两国相关专家多次越洋连线，对接合作需求，共商合作计划。基里巴斯渔业和旅游业资源丰富，盛产各类海产品，同时拥有世界顶级的潜水区域。“基里巴斯20年发展规划”将渔业和旅游业列为两大支柱产业，重视开拓中国市场。自今年8月1日起，中国给予基里巴斯97%税目输华产品零关税待遇，涵盖渔业、椰子产业等，相信越来越多的中国企业将赴基考察、投资，助力其经济社会发展。一年来，两国人文交流持续扩大，中基人民友谊不断加深。去年12月，基里巴斯全国运动会男女冠军足球队应邀到浙江访问交流，回国后在当地掀起“中国热”。基里巴斯赴华留学生在本国主流媒体开辟专栏，介绍中国文化、科技和经济发展，引起热议。在中国驻基里巴斯大使馆进学校、走社区、访外岛的过程中，当地民众唱起中文歌曲，用不同方式表达对中国的喜爱。他们通过参观中国文化展、学习中国厨艺等，全方位了解中国。基里巴斯人民对中国人民的友好感情，让我对推进两国合作、深化两国友谊充满信心。中国正奋力实现决胜全面建成小康社会目标任务，基里巴斯政府在积极落实其20年发展规划，两国政府都在努力实现人民对美好生活的追求。我相信，在两国元首达成的重要共识指引下，中基各领域务实合作成果将更加丰硕，更好造福两国人民，谱写友好交往新篇章。,"""简单治咳法，蝙蝠最怕高温。请把滚水。就是喝的开水滚开的汽。吸下去。就和吸烟一样。也许能解毒。太烫了。请注意安全——来自较真用户@光照全网友的提问。	
||如果水蒸气的温度很高，那么吸入会导致烫伤；如果温度已经降到不会烫伤，那么对病毒也没有杀伤力。另外，高温蒸汽只有跟病毒接触的时候有杀灭作用，之前和之后都没有。"""
10,[目的] 本文以众测报告为研究对象，探索众测报告作者属性、产品属性、文本、图片对预测众测报告有用性的作用。[方法] 本文使用深度学习提取众测报告的文本特征和图片特征，使用全连接神经网络构建众测报告有用性预测模型，使用80%随机样本对不同输入组合下的模型进行训练学习，再用剩余样本作为测试集评估模型的预测效果。[结果] 单独加入文本特征后，模型的预测效果提升5.430%；单独加入图片特征后，模型的预测效果提升6.659%；同时加入文本特征和图片特征后，模型的预测效果提升8.895%；[局限] 深度学习提取的文本特征和图片特征可理解性和可解释性较差，因此，即使最终模型的预测效果比较准确，仍难以得知模型中每一层神经网络所代表的具体特征并总结归纳出模型做出最终的决策结果所依赖的预测规则。[结论] 众测报告中文字描述的特征和图片的特征都能有效预测众测报告对消费者的有用性，且这两者对于预测众测报告对消费者的有用性上具有相互验证和相互替代的作用。 ,本报北京9月28日电 （记者吴月辉）在第75届联合国大会期间，中方发布《地球大数据支撑可持续发展目标报告（2020）》（以下简称《报告》）。该《报告》由中国科学院组织编写，展现了中国利用科技创新推动落实联合国2030年可持续发展议程的探索和实践，为各国加强2030年议程落实监测评估提供借鉴。 《报告》围绕零饥饿、清洁饮水和卫生设施、可持续城市和社区、气候行动、水下生物、陆地生物6个可持续发展目标，从全球、区域、国家、典型地区4个尺度，在数据、方法模型和决策支持方面展开深入研究。 中国土地退化零增长进展评估和生物多样性保护对策、中国城镇可持续发展综合评价、中国湿地空间分布格局和保护对策、中国近海生态系统健康评估、全球中高分辨率森林覆盖监测……这一报告汇集了26个案例，提出24套数据产品、13种方法模型和19个决策支持。 其中，中国土地退化零增长进展评估和生物多样性保护对策案例显示，中国土地退化零增长趋势持续向好。与2015年相比，2018年净恢复土地面积增长60.3％，土地恢复净面积约占全球的1／5，对全球土地退化零增长贡献最大。 《报告》还指出，在看到土地退化零增长积极进展的同时，尚需认识到中国土地退化面临形势仍较为严峻。未来应加大科学保护与治理力度，提升土地退化零增长监测方法体系与能力，以争取在2030年实现更高水平土地退化零增长。,#谣言比病毒还可怕# 把家里空调打到最大的温度就能热死病毒！家中熏醋、窗熏艾灸能杀病毒...这些都是谣言，不仅没有科学依据还容易引起呼吸道疾病，快转发给家人看辟谣！疫情期间，不信谣不传谣，从我做起！@武汉同城 @新浪湖北...全文
